{
	"plugin_name": "Play",
	"plugin_scope": "play",
	"plugin_exec": "play.js",
	"command_map": {
		"yt2mp4": {
			"hargs": {
				"vi_VN": "<đường link youtube>",
				"en_US": "<youtube link>"
			},
			"hdesc": {
				"vi_VN": "Chuyển đổi link youtube thành MP4",
				"en_US": "Convert a youtube link to MP4"
			},
			"fscope": "play",
			"compatibly": 3
		}
	},
	"author": "Trung",
	"version": "0.1.0",
	"node_depends": {
		"ytdl-core": "",
		"stream-buffers": "",
		"wait-for-stuff": "",
		"promise-streams": "",
		"fs": "",
		"path": "",
		"child_process": "",
		"ytsr": "",
		"node-fetch": "",
		"sanitize-filename": "",
		"adm-zip": "",
		"ftp": ""
	},
	"file_map": {},
	"complied_for": "0.5.0"
}