{
	"plugin_name": "Nolove",
	"plugin_scope": "nolove",
	"plugin_exec": "nolove.js",
	"command_map": {
		"nolove": {
			"hargs": {
				"vi_VN": "<@mention>",
				"en_US": "<@mention>"
			},
			"hdesc": {
				"vi_VN": "<@mention> [Chia tay một ai đó]",
				"en_US": ""
			},
			"fscope": "nolove",
			"compatibly": 0
		}
	},
	"author": "Kaysil & edited by MinhTien379",
	"version": "0.1.0",
	"node_depends": {
		"node-fetch": "*",
		"wait-for-stuff": "*",
		"fs": "*",
		"path": "*",
		"stream-buffers": "*",
		"merge-images": "*",
		"wait-on": "*",
		"jimp": "*"
	},
	"file_map": {
	"images/nolove.jpg": "nolove"
	},
	"complied_for": "0.5.0"
}